gautier_id,gautier_number,recipient,old_edition_numbers,conventional_title_or_incipit,gautier_pages,pg_location,gibi_page,source_packet,source_condition,translation_status,confidence,identification_confidence,notes
G001,1,his students who had acted disorderly,not part of the PG126 letter packets used by the first pass,To his own students who had acted disorderly,"Gautier I, pp. 130-143; cross-referenced in Gautier II, p. 184",not recovered in the local PG126 packet sequence,,02_sources/gautier/letter_packets/G001_gautier.txt,gautier_collated_complete_classroom_oration,gautier_collated_recovered_classroom_piece,B,high,"Recovered from Gautier I; classroom oration to unruly students. Long text checked enough for B, but final apparatus audit remains."
G002,2,the same students,not part of the PG126 letter packets used by the first pass,Of the same; to his students,"Gautier I, pp. 146-165; cross-referenced in Gautier II, p. 184",not recovered in the local PG126 packet sequence,,02_sources/gautier/letter_packets/G002_gautier.txt,gautier_collated_complete_classroom_oration,gautier_collated_recovered_classroom_piece,B,high,"Recovered from Gautier I; classroom oration to students. Long text checked enough for B, but final apparatus audit remains."
G003,3,"the grand oikonomos, brother of the patriarch",not part of the PG126 letter packets used by the first pass,"To the grand oikonomos, the patriarch's brother","Gautier I, pp. 168-175; cross-referenced in Gautier II, p. 184",not recovered in the local PG126 packet sequence,,02_sources/gautier/letter_packets/G003_gautier.txt,gautier_collated_complete,gautier_collated_recovered_complete,A,high,Recovered from Gautier I; complete letter to the grand oikonomos checked against Gautier.
G004,4,the Lady Maria,Lami-Finetti I,До деспина госпожа Мария,"Gautier II, letter 4; local PDF text pages 068-070",PG093 (PG marker 258),81,02_sources/gautier/letter_packets/G004_gautier.txt,gautier_collated_complete_targeted_sections,gautier_collated_targeted_lexical_revision,B,high,"Gautier collation corrected the wind phrase: not literal 'bright,' but a brisk/violent wind in context."
G005,5,the Grand Domestic,Lami-Finetti II,До Великия доместик,"Gautier II, letter 5; local PDF text pages 071-072",PG094 (PG marker 260),84,02_sources/gautier/letter_packets/G005_gautier.txt,gautier_collated_complete_boundary_repaired,gautier_collated_boundary_repaired,B,high,Boundary repaired: G005 ends with the Heracles/Omphale slavery appeal; the Achrida eagle/frogs material belongs to G006.
G006,6,the official in charge of petitions,Lami II; Finetti I,To the official in charge of petitions,"Gautier II, letter 6; local PDF text pages 073-074",PG006 slot was a duplicate of G047 in the first-pass corpus,85,02_sources/gautier/letter_packets/G006_gautier.txt,gautier_collated_complete_recovered_from_G005_overrun,gautier_collated_translation_replaced_duplicate,B,high,Genuine Gautier G006 recovered; old local G006 duplicated G047. Restored lost opening negation and corrected frog/eagle details.
G007,7,"Niketas, teacher of the Great Church, connected with Serres",Lami-Finetti III,"До учителя на Великата църква господин Никита, [племеник] на серския епископ","Gautier II, letter 7; local PDF text pages 075-075",PG095 (PG marker 262),87,02_sources/gautier/letter_packets/G007_gautier.txt,gautier_collated_complete,gautier_collated_short_letter_checked,A,high,Short companion letter checked against Gautier; points to G005 and G006.
G008,8,"the sebastos John, brother-in-law of the emperor",Lami-Finetti IV; also Finetti II in the pre-Meursius series,"От същия до севаст Йоан, шурея на царя","Gautier II, letter 8; local PDF text pages 076-077",PG096 (PG marker 262),87,02_sources/gautier/letter_packets/G008_gautier.txt,gautier_packet_available_pending_full_clause_audit,baseline_first_pass_gautier_packeted_pending_full_clause_audit,C,high,
G009,9,the Caesar,Lami-Finetti V,До кесаря,"Gautier II, letter 9; local PDF text pages 078-079",PG097 (PG marker 263),88,02_sources/gautier/letter_packets/G009_gautier.txt,gautier_collated_complete,gautier_collated_clause_checked_complete,A,high,"Extended Gautier clause audit: Standardized `kanonikon` rather than flattening the fiscal/ecclesiastical due.; Corrected the final theological repayment clause: the addressee will have God as legislator and rewarder, not merely an abstract comparison discovered by the translator."
G010,10,the son of the sebastokrator,Lami-Finetti VI,До сина на севастократова,"Gautier II, letter 10; local PDF text pages 080-080",PG098 (PG marker 264),90,02_sources/gautier/letter_packets/G010_gautier.txt,gautier_collated_complete,gautier_collated_short_letter_checked,A,high,Short exhortation to John Komnenos checked against Gautier.
G011,11,"the sebastos John, son of the sebastokrator",Lami-Finetti VII,"До господин севаста Йоан, сина на севастократора","Gautier II, letter 11; local PDF text pages 081-082",PG099 (PG marker 264),90,02_sources/gautier/letter_packets/G011_gautier.txt,gautier_packet_available_pending_full_clause_audit,baseline_first_pass_gautier_packeted_pending_full_clause_audit,C,high,
G012,12,the same addressee as G011,Lami-Finetti VIII,До същия,"Gautier II, letter 12; local PDF text pages 083-084",PG100 (PG marker 265),92,02_sources/gautier/letter_packets/G012_gautier.txt,gautier_packet_available_pending_full_clause_audit,targeted_second_pass_checked_localized_ocr_uncertainty,C,high,Targeted PG OCR check completed; localized OCR uncertainty remains around representative/salve/fish-closing details.
G013,13,Caesar Melissenos,Lami-Finetti IX,До кесаря Мелисин,"Gautier II, letter 13; local PDF text pages 085-086",PG101 (PG marker 266),93,02_sources/gautier/letter_packets/G013_gautier.txt,gautier_collated_complete,gautier_collated_clause_checked_complete,A,high,"Extended Gautier clause audit: Corrected the Theotokos from Theophylact's guardian to the addressee's guardian.; Followed Gautier's `strougai` emendation: the fish shortage is tied to fish-channels, not small birds."
G014,14,the bishop of Kitros,Meursius XIV,To the bishop of Kitros,"Gautier II, letter 14; local PDF text pages 087-088",PG035 (PG marker 198),94,02_sources/gautier/letter_packets/G014_gautier.txt,gautier_collated_complete,gautier_collated_metadata_corrected,A,high,Recipient corrected to bishop of Kitros; earlier Cyprus assignment was wrong.
G015,15,Diabologyres,Lami-Finetti X,До Диавологир,"Gautier II, letter 15; local PDF text pages 089-090",PG102 (PG marker 267),95,02_sources/gautier/letter_packets/G015_gautier.txt,gautier_packet_available_pending_full_clause_audit,baseline_first_pass_gautier_packeted_pending_full_clause_audit,C,high,
G016,16,Tarchaneiotes,Lami-Finetti XI,До Тарханиот,"Gautier II, letter 16; local PDF text pages 091-092",PG103 (PG marker 267),96,02_sources/gautier/letter_packets/G016_gautier.txt,gautier_collated_complete,gautier_collated_clause_checked_complete,A,high,Extended Gautier clause audit: Removed a false damaged-phrase marker in the closing sentence.; Corrected the exhortation: the addressee is to profit from the letter according to faith and relax both labor and threat for subordinates.
G017,17,"John, brother-in-law of the emperor",Lami-Finetti XII,"До господин Йоан, шурея на царя","Gautier II, letter 17; local PDF text pages 093-094",PG104 (PG marker 268),97,02_sources/gautier/letter_packets/G017_gautier.txt,gautier_packet_available_pending_full_clause_audit,baseline_first_pass_gautier_packeted_pending_full_clause_audit,C,high,
G018,18,"Taronitopoulos, doux of Skopje",Lami-Finetti XIII,"До Таронитопул, дука на Скопие","Gautier II, letter 18; local PDF text pages 095-096",PG105 (PG marker 269),98,02_sources/gautier/letter_packets/G018_gautier.txt,gautier_packet_available_pending_full_clause_audit,terminology_revised_pending_clause_audit,C,high,"Terminology normalized in v2: doux of Skopje, not modernized 'duke'."
G019,19,the son of the sebastokrator,[not recorded],(До сина на севастократора),"Gautier II, letter 19; local PDF text pages 097-097",PG105 (PG marker 269),100,02_sources/gautier/letter_packets/G019_gautier.txt,gautier_collated_complete,gautier_collated_technical_terms_corrected,A,high,Technical terms corrected: paramonai as local guard services and psomozemiai as food-supply obligations.
G020,20,Tarchaneiotes,Lami-Finetti XIV,До Тарханиот,"Gautier II, letter 20; local PDF text pages 098-098",PG106 (PG marker 270),100,02_sources/gautier/letter_packets/G020_gautier.txt,gautier_collated_complete,gautier_collated_clause_checked_complete,A,high,Extended Gautier clause audit: Corrected the opening rhetorical question from self-deprecation to blessedness at benefiting a great soul.
G021,21,the bishop of Pelagonia,Lami-Finetti XV,До пелагонийския [епископ],"Gautier II, letter 21; local PDF text pages 099-100",PG107 (PG marker 271),101,02_sources/gautier/letter_packets/G021_gautier.txt,gautier_collated_complete,gautier_collated_clause_checked_complete,A,high,"Extended Gautier clause audit: Corrected `kainismos` as a change in affairs, not a sting.; Restored the Kritopouloi as the protected party; they are not generic judges.; Clarified `episkeptitai` as a technical office rather than flattening it to inspectors only."
G022,22,the son of the sebastokrator,Lami-Finetti XVI,До сина на севастократора,"Gautier II, letter 22; local PDF text pages 101-102",PG108 (PG marker 272),102,02_sources/gautier/letter_packets/G022_gautier.txt,gautier_packet_available_pending_full_clause_audit,baseline_first_pass_gautier_packeted_pending_full_clause_audit,C,high,
G023,23,the same addressee as G022,Lami-Finetti XVII,До същия,"Gautier II, letter 23; local PDF text pages 103-103",PG109 (PG marker 273),103,02_sources/gautier/letter_packets/G023_gautier.txt,gautier_collated_complete,gautier_collated_legal_term_corrected,A,high,"Legal term corrected: strategos, not 'the whole army'."
G024,24,the same addressee as G022-G023,Lami-Finetti XVIII,До същия,"Gautier II, letter 24; local PDF text pages 104-105",PG110 (PG marker 273),104,02_sources/gautier/letter_packets/G024_gautier.txt,gautier_collated_complete,gautier_collated_clause_checked_complete,A,high,"Extended Gautier clause audit: Corrected the petition so Theophylact himself beseeches the powerful patron.; Corrected repeated `ekbole` language: the issue is the levy/dispatch of infantrymen, not expulsion.; Corrected the Theotokos clause: the addressee gives to her whatever he gives to Theophylact's church."
G025,25,Mermentoulos,Lami-Finetti XIX,До Мерментопул,"Gautier II, letter 25; local PDF text pages 106-106",PG111 (PG marker 274),105,02_sources/gautier/letter_packets/G025_gautier.txt,gautier_collated_complete_with_localized_uncertainty,gautier_collated_clause_checked_with_localized_uncertainty,B,high,Extended Gautier clause audit: Removed unsupported `holy antidote` language from the thanksgiving sentence.; Made the difficult throat-sound joke more literal and less architecturally inventive.
G026,26,"the sebastos, son of the sebastokrator",Lami-Finetti XX,"До севаста, сина на севастократора [Йоан Комнин]","Gautier II, letter 26; local PDF text pages 107-108",PG112 (PG marker 274),106,02_sources/gautier/letter_packets/G026_gautier.txt,gautier_collated_complete_with_localized_uncertainty,gautier_collated_clause_checked_with_property_term_uncertainty,B,high,"Extended Gautier clause audit: Corrected `praktikon`, `praktor`, `ospetion`, `aule`, and `zeugologion` terminology.; Changed the courtyard language to a farm/farmyard sense, following Gautier's note on `aule`."
G027,27,Kamateropoulos,Meursius XV,До Каматиропул,"Gautier II, letter 27; local PDF text pages 109-110",PG036 (PG marker 199),107,02_sources/gautier/letter_packets/G027_gautier.txt,gautier_packet_available_pending_full_clause_audit,baseline_first_pass_gautier_packeted_pending_full_clause_audit,C,high,
G028,28,Smyrnaios,Lami-Finetti XXI; also Meursius XVI,До Смирненски,"Gautier II, letter 28; local PDF text pages 111-111",PG113 (PG marker 275),108,02_sources/gautier/letter_packets/G028_gautier.txt,gautier_collated_complete,gautier_collated_clause_checked_complete,A,high,Extended Gautier clause audit: Checked the Demetrios/Smyrnaios pedagogical appeal against Gautier; no material correction required.
G029,29,Mermentoulos,Meursius XVIII,До Мерментул,"Gautier II, letter 29; local PDF text pages 112-113",PG039 (PG marker 202),108,02_sources/gautier/letter_packets/G029_gautier.txt,gautier_packet_available_pending_full_clause_audit,baseline_first_pass_gautier_packeted_pending_full_clause_audit,C,high,
G030,30,Nikephoros the chartophylax,Lami-Finetti XXII,До хартофилакса господин Никифор,"Gautier II, letter 30; local PDF text pages 114-115",PG114 (PG marker 275),110,02_sources/gautier/letter_packets/G030_gautier.txt,gautier_collated_complete_with_localized_uncertainty,gautier_collated_clause_checked_with_monastery_name_uncertainty,B,high,Extended Gautier clause audit: Corrected the Charybdis/camp phrase.; Replaced unsupported `holy men of Serres` with Gautier's conjectural Hagiosergitai.
G031,31,Kamateros,Lami-Finetti XXIII,До Каматир,"Gautier II, letter 31; local PDF text pages 116-117",PG115 (PG marker 276),111,02_sources/gautier/letter_packets/G031_gautier.txt,gautier_packet_available_pending_full_clause_audit,baseline_first_pass_gautier_packeted_pending_full_clause_audit,C,high,
G032,32,Anemas,Lami-Finetti XXIV; also Meursius XIX,До Анема,"Gautier II, letter 32; local PDF text pages 118-119",PG116 (PG marker 277),112,02_sources/gautier/letter_packets/G032_gautier.txt,gautier_collated_complete_with_localized_uncertainty,gautier_collated_clause_checked_with_name_uncertainty,B,high,Extended Gautier clause audit: Corrected the Euripidean opening.; Restored the technical title `katepano` and the dust-winnowing image.; Corrected the third oppressor from `Destroyer` to a Pharaoh-related name joke.; Corrected the Church property term from poor-house to poor little property.
G033,33,Mermentoulos,Lami-Finetti XXV,До Мерментул,"Gautier II, letter 33; local PDF text pages 120-120",PG117 (PG marker 278),113,02_sources/gautier/letter_packets/G033_gautier.txt,gautier_collated_complete,gautier_collated_clause_checked_complete,A,high,Extended Gautier clause audit: Corrected the healing-plaster paraphrase to the musical/incantatory contrast required by the Greek.
G034,34,Anemas,Lami-Finetti XXVI; also Meursius XXI,До Анема,"Gautier II, letter 34; local PDF text pages 121-121",PG118 (PG marker 278),114,02_sources/gautier/letter_packets/G034_gautier.txt,gautier_collated_complete,gautier_collated_clause_checked_complete,A,high,"Extended Gautier clause audit: Corrected the cure sentence: Theophylact says he is far from contriving a cure, not that a costly cure must be contrived.; Corrected `private men` to `those who know` in the irony sentence."
G035,35,"Chrysoberges, metropolitan of Naupaktos",Lami-Finetti XXVII,До навпактския митрополит Хризоверг,"Gautier II, letter 35; local PDF text pages 122-123",PG119 (PG marker 279),115,02_sources/gautier/letter_packets/G035_gautier.txt,gautier_packet_available_pending_full_clause_audit,baseline_first_pass_gautier_packeted_pending_full_clause_audit,C,high,
G036,36,the bishop of Pelagonia,Lami-Finetti XXVIII,До пелагонийския епископ,"Gautier II, letter 36; local PDF text pages 124-125",PG120 (PG marker 280),116,02_sources/gautier/letter_packets/G036_gautier.txt,gautier_packet_available_pending_full_clause_audit,baseline_first_pass_gautier_packeted_pending_full_clause_audit,C,high,
G037,37,"Symeon, hegoumenos of the monastery at Anaplous",Lami-Finetti XXIX,"До господин Симеон, игумен на манастира в Анаплус","Gautier II, letter 37; local PDF text pages 126-128",PG121 (PG marker 281),117,02_sources/gautier/letter_packets/G037_gautier.txt,truncated_ocr,baseline_first_pass_gautier_packeted_pending_full_clause_audit,C,high,
G038,38,Gregory Kamateros,Lami-Finetti XXX,До господин Григорий Каматир,"Gautier II, letter 38; local PDF text pages 129-130",PG122 (PG marker 282),119,02_sources/gautier/letter_packets/G038_gautier.txt,gautier_packet_available_pending_full_clause_audit,baseline_first_pass_gautier_packeted_pending_full_clause_audit,C,high,
G039,39,Michael Pantechnes,Lami-Finetti XXXI,До господин Михаил Пантехни,"Gautier II, letter 39; local PDF text pages 131-132",PG123 (PG marker 283),120,02_sources/gautier/letter_packets/G039_gautier.txt,gautier_packet_available_pending_full_clause_audit,baseline_first_pass_gautier_packeted_pending_full_clause_audit,C,high,
G040,40,Niketas Polites,Lami-Finetti XXXII,До господин Никита Полит,"Gautier II, letter 40; local PDF text pages 133-133",PG124 (PG marker 284),122,02_sources/gautier/letter_packets/G040_gautier.txt,gautier_collated_complete,gautier_collated_short_letter_checked,A,high,Short recommendation letter checked against Gautier; Koprinista/Heracles joke preserved.
G041,41,Anemas,Lami-Finetti XXXIII,До Анема,"Gautier II, letter 41; local PDF text pages 134-134",PG125 (PG marker 285),122,02_sources/gautier/letter_packets/G041_gautier.txt,gautier_collated_complete,gautier_collated_short_letter_checked,A,high,Short consolation to Anemas checked against Gautier.
G042,42,Theophylact Rhomaios,Lami-Finetti XXXIV,До Теофилакт Ромей,"Gautier II, letter 42; local PDF text pages 135-136",PG126 (PG marker 285),123,02_sources/gautier/letter_packets/G042_gautier.txt,gautier_packet_available_pending_full_clause_audit,baseline_first_pass_gautier_packeted_pending_full_clause_audit,C,high,
G043,43,the same addressee as G042,Lami-Finetti XXXV,До същия,"Gautier II, letter 43; local PDF text pages 137-137",PG127 (PG marker 286),124,02_sources/gautier/letter_packets/G043_gautier.txt,gautier_collated_complete,gautier_collated_clause_checked_complete,A,high,Extended Gautier clause audit: Checked the Jacob's-ladder ascent and stone/foe comparison against Gautier; no material correction required.
G044,44,Machetarios,Finetti III,До Махитар,"Gautier II, letter 44; local PDF text pages 138-139",PG002 (PG marker 163),125,02_sources/gautier/letter_packets/G044_gautier.txt,gautier_collated_complete,gautier_collated_clause_checked_complete,A,high,Extended Gautier clause audit: Checked the love/letters/Jacob's-ladder argument and the admonition about lay and ecclesiastical order against Gautier.
G045,45,"the patriarch, probably Nicholas III Grammatikos",Finetti IV,До патриарха [Николай III Граматик],"Gautier II, letter 45; local PDF text pages 140-143",PG003 (PG marker 164),126,02_sources/gautier/letter_packets/G045_gautier.txt,truncated_ocr,targeted_second_pass_checked_truncated_needs_full_clause_audit,C,high,Targeted PG OCR check completed; source remains truncated and must not be completed by conjecture.
G046,46,Rhomaios,Finetti V,До Ромей,"Gautier II, letter 46; local PDF text pages 144-145",PG005 (PG marker 166),129,02_sources/gautier/letter_packets/G046_gautier.txt,gautier_collated_complete_with_localized_uncertainty,gautier_collated_clause_checked_with_classical_uncertainty,B,high,"Extended Gautier clause audit: Corrected the cooking/meteorological example: frying, roasting, and boiling, not flying.; Standardized Sarambos spelling."
G047,47,Mermentopoulos,Finetti VI,До Мерментопул,"Gautier II, letter 47; local PDF text pages 146-146",PG006 (PG marker 167),130,02_sources/gautier/letter_packets/G047_gautier.txt,gautier_collated_complete,gautier_collated_short_letter_checked,A,high,Confirmed as the Mermentopoulos letter mistakenly duplicated in old local G006.
G048,48,Michael Pantechnes,Finetti VII,До господин Михаил Пантехни,"Gautier II, letter 48; local PDF text pages 147-147",PG007 (PG marker 168),130,02_sources/gautier/letter_packets/G048_gautier.txt,gautier_collated_complete,gautier_collated_clause_checked_complete,A,high,"Extended Gautier clause audit: Checked illness, Glavenitza/Vidin/Slanitza arrows, and Paieon/Machaon/Podaleirios allusions against Gautier."
G049,49,John Servlias,Finetti VIII,До господин Йоан Сервлиа,"Gautier II, letter 49; local PDF text pages 148-148",PG008 (PG marker 168),131,02_sources/gautier/letter_packets/G049_gautier.txt,gautier_collated_complete,gautier_collated_clause_checked_complete,A,high,"Extended Gautier clause audit: Corrected the Autolykos/Odysseus joke: John rejects the name `negligent`, not his calling.; Preserved `dikaiomata` as a technical rights/claims term."
G050,50,Pantechnes,Finetti IX,До Пантехни,"Gautier II, letter 50; local PDF text pages 149-149",PG010 (PG marker 169),132,02_sources/gautier/letter_packets/G050_gautier.txt,gautier_collated_complete,gautier_collated_lexical_correction,A,high,"Lexical correction: perittos means excessive/superfluous, not useless."
G051,51,Nikephoros the chartophylax,Finetti X,До хартофилакса господин Никифор,"Gautier II, letter 51; local PDF text pages 150-150",PG011 (PG marker 169),132,02_sources/gautier/letter_packets/G051_gautier.txt,gautier_collated_complete,gautier_collated_clause_checked_complete,A,high,Extended Gautier clause audit: Removed the false PG/OCR break marker; Gautier prints a complete short letter.
G052,52,the bishop of Kitros,Finetti XI,До кипърския епископ,"Gautier II, letter 52; local PDF text pages 151-152",PG012 (PG marker 169),132,02_sources/gautier/letter_packets/G052_gautier.txt,gautier_packet_available_pending_full_clause_audit,targeted_second_pass_checked_localized_ocr_uncertainty,C,high,Targeted PG OCR check completed; courier name and Frankish-incursion details remain OCR-sensitive.
G053,53,Gregory Kamateros,Finetti XII,До господин Григорий Каматир,"Gautier II, letter 53; local PDF text pages 153-155",PG013 (PG marker 170),133,02_sources/gautier/letter_packets/G053_gautier.txt,gautier_packet_available_pending_full_clause_audit,baseline_first_pass_gautier_packeted_pending_full_clause_audit,C,high,
G054,54,Patriarch Nicholas III Grammatikos,Finetti XIII,До патриарха [Николай III Граматик],"Gautier II, letter 54; local PDF text pages 156-157",PG014 (PG marker 172),136,02_sources/gautier/letter_packets/G054_gautier.txt,gautier_packet_available_pending_full_clause_audit,baseline_first_pass_gautier_packeted_pending_full_clause_audit,C,high,
G055,55,Pakourianos,Finetti XIV,До Пакуриан,"Gautier II, letter 55; local PDF text pages 158-159",PG015 (PG marker 174),138,02_sources/gautier/letter_packets/G055_gautier.txt,gautier_packet_available_boundary_sensitive_pending_full_clause_audit,baseline_first_pass_gautier_packeted_pending_full_clause_audit,C,high,
G056,56,the bishop of Semnoi,Finetti XV,До семнонския епископ,"Gautier II, letter 56; local PDF text pages 160-160",PG017 (PG marker 175),139,02_sources/gautier/letter_packets/G056_gautier.txt,gautier_collated_complete,gautier_collated_short_letter_checked,A,high,Short appeal to the bishop of Semna checked against Gautier.
G057,57,the bishop of Vidin,Finetti XVI,До видинския епископ,"Gautier II, letter 57; local PDF text pages 161-162",PG018 (PG marker 175),140,02_sources/gautier/letter_packets/G057_gautier.txt,truncated_ocr,baseline_first_pass_gautier_packeted_pending_full_clause_audit,C,high,
G058,58,the bishop of Triaditza,Finetti XVII,До триадишкия епископ,"Gautier II, letter 58; local PDF text pages 163-167",PG019 (PG marker 176),141,02_sources/gautier/letter_packets/G058_gautier.txt,truncated_ocr,targeted_second_pass_checked_truncated_needs_full_clause_audit,C,high,Targeted PG OCR check completed; clipped final prayer preserved rather than supplied.
G059,59,"the bishop of Triaditza, from the synod, after he excused himself from the assembly",Finetti XVIII,"До същия от Синода, задето помолил да бъде освободен от заседанията","Gautier II, letter 59; local PDF text pages 168-170",PG020 (PG marker 179),145,02_sources/gautier/letter_packets/G059_gautier.txt,gautier_packet_available_pending_full_clause_audit,baseline_first_pass_gautier_packeted_pending_full_clause_audit,C,high,
G060,60,"the same bishop of Triaditza, from the archbishop",Finetti XIX,До същия от архиепископа,"Gautier II, letter 60; local PDF text pages 171-174",PG021 (PG marker 182),147,02_sources/gautier/letter_packets/G060_gautier.txt,truncated_ocr,baseline_first_pass_gautier_packeted_pending_full_clause_audit,C,high,
G061,61,?John Komnenos; addressed as `pansebastos antileptor`,Meursius I,?,"Gautier II, letter 61; local PDF text pages 175-176","PG 126, cols. 357-360, via Calfa-GREgORI OCR; Mullett cites Gautier II, 353.25-27 for the lake passage; Gautier collation still required",151,02_sources/gautier/letter_packets/G061_gautier.txt,gautier_packet_available_pending_full_clause_audit,baseline_first_pass_gautier_packeted_pending_full_clause_audit,C,high,
G062,62,the magistros kyr John,"Meursius II fragment; the following surviving material belongs to Gautier G063, not to G062",To the magistros kyr John,"Gautier II, letter 62; local PDF text pages 177-177",PG024/old Meursius material was previously merged incorrectly with G063,152,02_sources/gautier/letter_packets/G062_gautier.txt,gautier_collated_but_manuscript_lacunose_after_opening,gautier_collated_fragment_only_boundary_corrected,D,high,"Boundary corrected against Gautier: G062 is a tiny mutilated fragment, not the longer consolatory G063 text."
G063,63,"unknown ecclesiastical addressee, addressed as ""most honored brother""",Meursius II continuation/dossier; Gautier separates it from G062 after a manuscript break,"[beginning mutilated] ""...as something that could have happened did not happen""","Gautier II, letter 63; local PDF text pages 178-179",the previous local PG/OCR layer had this material absorbed into G062,152,02_sources/gautier/letter_packets/G063_gautier.txt,gautier_collated_but_beginning_mutilated,gautier_collated_fragment_recovered_from_misfiled_G062,D,high,Recovered as separate mutilated Gautier fragment formerly absorbed into G062; translated only surviving text.
G064,64,Patriarch Nicholas,Meursius III,До господин патриарха Николай,"Gautier II, letter 64; local PDF text pages 180-180",PG025 (PG marker 188),153,02_sources/gautier/letter_packets/G064_gautier.txt,gautier_collated_complete,gautier_collated_clause_checked_complete,A,high,"Extended Gautier clause audit: Corrected a false negative: the bishop is grateful after receiving the letters, not without receiving them."
G065,65,"Gregory Taronites, proedros",Meursius IV,"До господин Григорий, племенник на Таронит","Gautier II, letter 65; local PDF text pages 181-181",PG026 (PG marker 189),154,02_sources/gautier/letter_packets/G065_gautier.txt,gautier_collated_complete,gautier_collated_clause_checked_complete,A,high,Extended Gautier clause audit: Checked the Taronites praise letter and military/administrative alternatives against Gautier.
G066,66,Nikephoros the chartophylax,Meursius V,До господин хартофилакса Никифор,"Gautier II, letter 66; local PDF text pages 182-183",PG027 (PG marker 190),155,02_sources/gautier/letter_packets/G066_gautier.txt,gautier_packet_available_pending_full_clause_audit,baseline_first_pass_gautier_packeted_pending_full_clause_audit,C,high,
G067,67,Gregory Kamateros,Meursius VI,До господин Григорий Каматир,"Gautier II, letter 67; local PDF text pages 184-185",PG028 (PG marker 191),156,02_sources/gautier/letter_packets/G067_gautier.txt,truncated_ocr,baseline_first_pass_gautier_packeted_pending_full_clause_audit,C,high,
G068,68,"Gregory Pakourianos, son-in-law of the Grand Droungarios",Meursius VII,"До господина Григорий Пакуриан, зетя на Великия друнгарий","Gautier II, letter 68; local PDF text pages 186-187",PG029 (PG marker 192),158,02_sources/gautier/letter_packets/G068_gautier.txt,gautier_packet_available_pending_full_clause_audit,baseline_first_pass_gautier_packeted_pending_full_clause_audit,C,high,
G069,69,"Oreiomachos/Ophiomachos, probably addressed as John",Meursius VIII,До Офеомах,"Gautier II, letter 69; local PDF text pages 188-188",PG029 (PG marker 192),159,02_sources/gautier/letter_packets/G069_gautier.txt,gautier_collated_complete,gautier_collated_negation_and_ending_corrected,A,high,"Corrected inserted negative in Odysseus comparison, 'do not delay,' and restored complete ending from Gautier."
G070,70,"the didaskalos lord Niketas, connected with Serres",Meursius IX,"До дидаскала господин Никита, [племенник на] серския епископ","Gautier II, letter 70; local PDF text pages 189-190",PG030 (PG marker 194),159,02_sources/gautier/letter_packets/G070_gautier.txt,gautier_collated_complete,gautier_collated_clause_checked_complete,A,high,Extended Gautier clause audit: Checked the praise-as-oikonomia argument and the final greetings from Theophylact's brothers/students against Gautier.
G071,71,"Oreiomachos/Ophiomachos, addressed as John",Meursius X,До Офеомах,"Gautier II, letter 71; local PDF text pages 191-192",PG031 (PG marker 194),160,02_sources/gautier/letter_packets/G071_gautier.txt,gautier_collated_complete,gautier_collated_clause_checked_complete,A,high,"Extended Gautier clause audit: Corrected the description of Theophylact's earlier life as quiet/simple, not useless.; Removed an unsupported shield image.; Corrected the horse-control phrase to coaxing/soothing rather than shouting down."
G072,72,"Theodoulos, metropolitan of Thessalonica",Meursius XI,До солунския митрополит господин Теодул,"Gautier II, letter 72; local PDF text pages 193-193",PG032 (PG marker 195),161,02_sources/gautier/letter_packets/G072_gautier.txt,gautier_collated_complete,gautier_collated_clause_checked_complete,A,high,Extended Gautier clause audit: Corrected the mutual-prayer phrase so the prayers are allies against those causing grief.; Corrected the closing thorn image from `those who fail` to afflictions/those causing grief.
G073,73,"the Caesar, probably Nikephoros Melissenos",Meursius XII,До кесаря [Никифор Мелисин],"Gautier II, letter 73; local PDF text pages 194-196",PG033 (PG marker 196),162,02_sources/gautier/letter_packets/G073_gautier.txt,gautier_packet_available_pending_full_clause_audit,baseline_first_pass_gautier_packeted_pending_full_clause_audit,C,high,
G074,74,the bishop of Semnoi,Meursius XIII,До семнонския епископ,"Gautier II, letter 74; local PDF text pages 197-198",PG034 (PG marker 198),164,02_sources/gautier/letter_packets/G074_gautier.txt,gautier_packet_available_pending_full_clause_audit,baseline_first_pass_gautier_packeted_pending_full_clause_audit,C,high,
G075,75,"Nicholas, bishop of Kerkyra",Meursius XVII,До епископа на Керкира,"Gautier II, letter 75; local PDF text pages 199-200",PG038 (PG marker 201),165,02_sources/gautier/letter_packets/G075_gautier.txt,gautier_packet_available_pending_full_clause_audit,baseline_first_pass_gautier_packeted_pending_full_clause_audit,C,high,
G076,76,Mermentoulos,Meursius XX,До епископа на Керкира,"Gautier II, letter 76; local PDF text pages 201-202",PG041 (PG marker 204),165,02_sources/gautier/letter_packets/G076_gautier.txt,gautier_collated_complete_with_localized_uncertainty,gautier_collated_clause_checked_with_astrological_uncertainty,B,high,Extended Gautier clause audit: Corrected the Phoenix of Heliopolis image.; Restored the Dog-star/Sirius heat image.; Corrected `provocations and slanders` to the malefic astral appearances required by Gautier's note.
G077,77,"Nicholas, bishop of Kerkyra",probably Meursius XXII,До Мерментул,"Gautier II, letter 77; local PDF text pages 203-206",PG042 (PG marker 205),166,02_sources/gautier/letter_packets/G077_gautier.txt,gautier_packet_available_boundary_sensitive_pending_full_clause_audit,baseline_first_pass_gautier_packeted_pending_full_clause_audit,C,high,
G078,78,Gregory Taronites,Meursius XXIII,До епископа на Керкира,"Gautier II, letter 78; local PDF text pages 207-208",PG043 (PG marker 208),167,02_sources/gautier/letter_packets/G078_gautier.txt,gautier_packet_available_pending_full_clause_audit,baseline_first_pass_gautier_packeted_pending_full_clause_audit,C,high,
G079,79,"Adrian, Grand Domestic",Meursius XXIV,До Великия доместик господин Адриан,"Gautier II, letter 79; local PDF text pages 209-210",PG044 (PG marker 209),172,02_sources/gautier/letter_packets/G079_gautier.txt,gautier_packet_available_pending_full_clause_audit,baseline_first_pass_gautier_packeted_pending_full_clause_audit,C,high,
G080,80,Gregory Pakourianos,Meursius XXV,До севаста Пакуриан,"Gautier II, letter 80; local PDF text pages 211-212",PG045 (PG marker 212),174,02_sources/gautier/letter_packets/G080_gautier.txt,gautier_collated_complete,gautier_collated_clause_checked_complete,A,high,"Extended Gautier clause audit: Checked the self-condemnation, nature/law/gospel argument, and Galatians/Ephesians allusions against Gautier."
G081,81,Gregory Taronites,Meursius XXVI,До господин Григорий Таронит,"Gautier II, letter 81; local PDF text pages 213-216",PG046 (PG marker 212),175,02_sources/gautier/letter_packets/G081_gautier.txt,gautier_packet_available_pending_full_clause_audit,baseline_first_pass_gautier_packeted_pending_full_clause_audit,C,high,
G082,82,Michael of Chalcedon,Meursius XXVII,До господин Михаил [племенник] на халкидонския епископ,"Gautier II, letter 82; local PDF text pages 217-218",PG047 (PG marker 215),178,02_sources/gautier/letter_packets/G082_gautier.txt,gautier_packet_available_pending_full_clause_audit,targeted_second_pass_checked_juridical_terms_need_full_clause_audit,C,high,Targeted PG OCR check completed and Gautier packet identified; juridical terminology still needs full Gautier clause audit.
G083,83,uncertain; probably a high ecclesiastical correspondent,Meursius XXVIII,До хартофилакса господин Никита,"Gautier II, letter 83; local PDF text pages 219-219",PG048 (PG marker 216),180,02_sources/gautier/letter_packets/G083_gautier.txt,gautier_collated_complete,gautier_collated_clause_checked_complete,A,high,"Extended Gautier clause audit: Restored the missing `salt` in the closing triad: salt, light, and leaven."
G084,84,"Niketas, his pupil, deacon of the bishop of Chalcedon",Meursius XXIX,"До своя ученик Никита, дякон, [племенник] на халкидонския епископ","Gautier II, letter 84; local PDF text pages 220-221",PG049 (PG marker 217),181,02_sources/gautier/letter_packets/G084_gautier.txt,gautier_collated_complete,gautier_collated_clause_checked_complete,A,high,Extended Gautier clause audit: Corrected the refusal/shame logic in the opening Antilochus appeal.
G085,85,"Adrian Komnenos, Grand Domestic, brother of the emperor",Meursius XXXI,"До Великия доместик господин Адриан, брат на царя [Адриан Комнин]","Gautier II, letter 85; local PDF text pages 222-225",PG050 (PG marker 218),182,02_sources/gautier/letter_packets/G085_gautier.txt,gautier_packet_available_pending_full_clause_audit,baseline_first_pass_gautier_packeted_pending_full_clause_audit,C,high,
G086,86,"Bryennios, relative by marriage of the emperor",Meursius XXXII,"До вриениий, свата на царя","Gautier II, letter 86; local PDF text pages 226-227",PG051 (PG marker 221),185,02_sources/gautier/letter_packets/G086_gautier.txt,gautier_collated_complete,gautier_collated_clause_checked_complete,A,high,"Extended Gautier clause audit: Checked the Bryennios praise letter, messenger notice, and Psalm 90 closing against Gautier."
G087,87,the bishop of Triaditza,Meursius XXXIII,До триадишкия епископ,"Gautier II, letter 87; local PDF text pages 228-229",PG052 (PG marker 222),186,02_sources/gautier/letter_packets/G087_gautier.txt,gautier_packet_available_pending_full_clause_audit,baseline_first_pass_gautier_packeted_pending_full_clause_audit,C,high,
G088,88,"John, grammatikos of Palaiologos",Meursius XXXIII in the PG sequence,"До господин Йоан, писаря на Палеолог","Gautier II, letter 88; local PDF text pages 230-231",PG053 (PG marker 223),188,02_sources/gautier/letter_packets/G088_gautier.txt,gautier_packet_available_pending_full_clause_audit,baseline_first_pass_gautier_packeted_pending_full_clause_audit,C,high,
G089,89,"Adrian, brother of the emperor",Meursius XXXIV,"До господин Адриан, брат на царя","Gautier II, letter 89; local PDF text pages 232-233",PG054 (PG marker 224),189,02_sources/gautier/letter_packets/G089_gautier.txt,gautier_collated_complete_with_localized_uncertainty,gautier_collated_clause_checked_with_corrupt_word,B,high,"Extended Gautier clause audit: Corrected the 1 Corinthians 11 allusion: many are weak/sick and a fair number sleep; this is not about canons.; Corrected the final divine epithet to `indignant at wickedness`, while noting Gautier's conjecture."
G090,90,the chartophylax,Meursius XXXV,До хартофилакса,"Gautier II, letter 90; local PDF text pages 234-234",PG055 (PG marker 225),190,02_sources/gautier/letter_packets/G090_gautier.txt,gautier_collated_complete_with_localized_uncertainty,gautier_collated_clause_checked_with_localized_uncertainty,B,high,Extended Gautier clause audit: Corrected `lot` to the daimon/fortune language of the Greek.; Capitalized `the Churches` where Gautier takes the phrase as the chorion Les Eglises.
G091,91,the didaskalos of the Great Church,Meursius XXXVI,До учителя на Великата църква,"Gautier II, letter 91; local PDF text pages 235-235",PG055 (PG marker 225),191,02_sources/gautier/letter_packets/G091_gautier.txt,gautier_collated_complete,gautier_collated_short_letter_corrected,A,high,Restored omitted opening condition: 'if you saw me burning'.
G092,92,Gregory Taronites,Meursius XXXVII,До господин Григорий Таронит,"Gautier II, letter 92; local PDF text pages 236-237",PG056 (PG marker 226),191,02_sources/gautier/letter_packets/G092_gautier.txt,gautier_packet_available_pending_full_clause_audit,baseline_first_pass_gautier_packeted_pending_full_clause_audit,C,high,
G093,93,"Nicholas Kallikles, chief physician",Meursius XXXVIII,До главния лекар господин Николай Каликъл,"Gautier II, letter 93; local PDF text pages 238-238",PG057 (PG marker 227),193,02_sources/gautier/letter_packets/G093_gautier.txt,gautier_collated_complete,gautier_collated_short_letter_corrected,A,high,Corrected final request to 'show us how much you can do'; Gautier ending complete.
G094,94,Nicholas Kallikles,Meursius XXXIX,До същия,"Gautier II, letter 94; local PDF text pages 239-239",PG058 (PG marker 228),193,02_sources/gautier/letter_packets/G094_gautier.txt,gautier_collated_complete,gautier_collated_short_letter_checked,A,high,Alcmaeon/Achelous appeal checked against Gautier.
G095,95,"Smyrnaios, hypatos of the philosophers",Meursius XL,"До началника на философите, Смирненски","Gautier II, letter 95; local PDF text pages 240-240",PG059 (PG marker 228),194,02_sources/gautier/letter_packets/G095_gautier.txt,gautier_collated_complete,gautier_collated_clause_checked_complete,A,high,Extended Gautier clause audit: Restored the Titus 3:5-based closing prayer; the first pass incorrectly made Theophylact's weakness an object of the oppressors.
G096,96,"Bryennios, panhypersebastos and son-in-law of the emperor",Meursius XLI,"До паниперсеваста Вриений, зетя на царя","Gautier II, letter 96; local PDF text pages 241-246",PG060 (PG marker 228),194,02_sources/gautier/letter_packets/G096_gautier.txt,gautier_packet_available_pending_full_clause_audit,targeted_second_pass_checked_fiscal_terms_need_full_clause_audit,C,high,Targeted PG OCR check completed and Gautier packet identified; fiscal vocabulary and units remain C-level until full Gautier clause audit.
G097,97,John Peribleptenos,Meursius XLII,До господин Йоан Перивлептин,"Gautier II, letter 97; local PDF text pages 247-248",PG061 (PG marker 233),199,02_sources/gautier/letter_packets/G097_gautier.txt,gautier_packet_available_pending_full_clause_audit,baseline_first_pass_gautier_packeted_pending_full_clause_audit,C,high,
G098,98,"Adrian, brother of the emperor",Meursius XLIII,"До господин Адриан, брат на царя","Gautier II, letter 98; local PDF text pages 249-252",PG062 (PG marker 234),200,02_sources/gautier/letter_packets/G098_gautier.txt,gautier_packet_available_pending_full_clause_audit,baseline_first_pass_gautier_packeted_pending_full_clause_audit,C,high,
G099,99,"Pantechnes, imperial physician",Meursius XLIV,"До лекаря на царя, Пантехни","Gautier II, letter 99; local PDF text pages 253-253",PG063 (PG marker 237),203,02_sources/gautier/letter_packets/G099_gautier.txt,gautier_collated_complete,gautier_collated_clause_checked_complete,A,high,Extended Gautier clause audit: Lowercased and clarified `logos` where the Greek means discourse/reason/education rather than a direct Christological title.
G100,100,John the philosopher,Meursius XLV,До философа господин Йоан,"Gautier II, letter 100; local PDF text pages 254-255",PG064 (PG marker 238),204,02_sources/gautier/letter_packets/G100_gautier.txt,gautier_collated_complete,gautier_collated_clause_checked_complete,A,high,Extended Gautier clause audit: Corrected the phrase about the enemies wasting away; the first pass turned it into an exhortation to prick them again.
G101,101,John Peribleptenos,Meursius XLVI,До господин Йоан Перивлептин,"Gautier II, letter 101; local PDF text pages 256-256",PG065 (PG marker 239),205,02_sources/gautier/letter_packets/G101_gautier.txt,gautier_collated_complete,gautier_collated_short_letter_checked,A,high,Short Legion/swine letter checked against Gautier.
G102,102,"Michael Pantechnes, his pupil and physician",Meursius XLVII,"До неговия ученик, лекаря господин Михаил Пантехни","Gautier II, letter 102; local PDF text pages 257-257",PG066 (PG marker 239),206,02_sources/gautier/letter_packets/G102_gautier.txt,gautier_collated_complete,gautier_collated_homeric_quote_corrected,A,high,"Homeric quotation corrected: garland of the god, not thought of God."
G103,103,the Bulgarians educated by him,Meursius XLVIII,До поучените от него българи,"Gautier II, letter 103; local PDF text pages 258-258",PG066 (PG marker 239),206,02_sources/gautier/letter_packets/G103_gautier.txt,gautier_collated_complete,gautier_collated_short_letter_checked,A,high,Short letter to Bulgarians checked against Gautier; no material semantic correction needed.
G104,104,"John Attaliates, protonotary of the doux of Attaleia",Meursius XLIX,"До господин Йоан Аталиат, протонотарий на аталийския дука","Gautier II, letter 104; local PDF text pages 259-259",PG067 (PG marker 240),207,02_sources/gautier/letter_packets/G104_gautier.txt,gautier_collated_complete,gautier_collated_clause_checked_complete,A,high,Terminology normalized in v2: protonotary of the doux of Attaleia.
G105,105,"Bryennios, doux of Dyrrachium",Meursius L,До дирахийския дука Вриений,"Gautier II, letter 105; local PDF text pages 260-260",PG068 (PG marker 241),207,02_sources/gautier/letter_packets/G105_gautier.txt,gautier_collated_complete,gautier_collated_clause_checked_complete,A,high,Terminology normalized in v2: doux of Dyrrachium.
G106,106,uncertain,Meursius LI,?,"Gautier II, letter 106; local PDF text pages 261-261",PG068 (PG marker 241),208,02_sources/gautier/letter_packets/G106_gautier.txt,gautier_collated_complete,gautier_collated_clause_checked_complete,A,high,Extended Gautier clause audit: Restored `day after day` and standardized `praktor` in the anthill-of-misfortunes image.
G107,107,"the Despoina, Maria of Alania, who visited him when he was ill",Meursius LII,"До деспината [Мария Аланска], която го посети, когато беше болен","Gautier II, letter 107; local PDF text pages 262-262",PG069 (PG marker 242),209,02_sources/gautier/letter_packets/G107_gautier.txt,gautier_collated_complete,gautier_collated_short_letter_checked,A,high,Short thanksgiving to the Despoina checked against Gautier; no material semantic correction needed.
G108,108,"Makrembolites, ruler of Prespa",Meursius LIII,"До Макремволит, преспанския управител","Gautier II, letter 108; local PDF text pages 263-263",PG070 (PG marker 242),209,02_sources/gautier/letter_packets/G108_gautier.txt,gautier_collated_complete,gautier_collated_clause_checked_complete,A,high,Extended Gautier clause audit: Checked the Prespa synod letter and cicada/starvation joke against Gautier.
G109,109,the official in charge of petitions,Meursius LIV,До [препозита] за молбите,"Gautier II, letter 109; local PDF text pages 264-264",PG071 (PG marker 242),210,02_sources/gautier/letter_packets/G109_gautier.txt,gautier_collated_complete,gautier_collated_opening_corrected,A,high,
G110,110,"Niketas, imperial physician",Meursius LV,До царския лекар господин Никита,"Gautier II, letter 110; local PDF text pages 265-266",PG072 (PG marker 243),210,02_sources/gautier/letter_packets/G110_gautier.txt,gautier_collated_complete_targeted_sections,gautier_collated_targeted_corrections,B,high,
G111,111,Nicholas Kallikles,Meursius LVI,До господин Николай Каликъл,"Gautier II, letter 111; local PDF text pages 267-267",PG073 (PG marker 244),211,02_sources/gautier/letter_packets/G111_gautier.txt,gautier_collated_minor_lacuna,gautier_collated_lacuna_and_property_terms_checked,B,high,
G112,112,Nicholas Kallikles,Meursius LVII,До същия,"Gautier II, letter 112; local PDF text pages 268-268",PG074 (PG marker 245),212,02_sources/gautier/letter_packets/G112_gautier.txt,gautier_collated_complete,gautier_collated_clause_checked_complete,A,high,"Extended Gautier clause audit: Corrected the parable-of-the-sower imagery: the bird is a thought of disdain, not a premature winged conceit."
G113,113,the bishop of Kitros,Meursius LVIII,До кипърския епископ,"Gautier II, letter 113; local PDF text pages 269-269",PG075 (PG marker 245),213,02_sources/gautier/letter_packets/G113_gautier.txt,gautier_collated_complete,gautier_collated_clause_checked_complete,A,high,"Extended Gautier clause audit: Corrected the opening appeal: Theophylact asks the bishop to help him better, not merely understand him.; Clarified the Achrida wine phrase."
G114,114,"Pantechnes, proedros and proximos",Meursius LIX,До проедъра и проксима Пантехни,"Gautier II, letter 114; local PDF text pages 270-270",PG076 (PG marker 246),214,02_sources/gautier/letter_packets/G114_gautier.txt,gautier_collated_complete,gautier_collated_negation_corrected,A,high,
G115,115,uncertain,Meursius LX,?,"Gautier II, letter 115; local PDF text pages 271-271",PG077 (PG marker 247),214,02_sources/gautier/letter_packets/G115_gautier.txt,gautier_collated_localized_uncertainty,gautier_collated_difficult_name_reading_checked,B,high,
G116,116,same uncertain correspondent as G115,Meursius LXI,До същия,"Gautier II, letter 116; local PDF text pages 272-272",PG078 (PG marker 247),215,02_sources/gautier/letter_packets/G116_gautier.txt,gautier_collated_complete,gautier_collated_short_letter_checked,A,high,
G117,117,same uncertain correspondent as G115-G116,Meursius LXII,До същия,"Gautier II, letter 117; local PDF text pages 273-273",PG079 (PG marker 247),215,02_sources/gautier/letter_packets/G117_gautier.txt,gautier_collated_complete,gautier_collated_short_letter_checked,A,high,
G118,118,"Constantine Doukas, sebastos",Meursius LXIII,До господин севаста Константин Дука,"Gautier II, letter 118; local PDF text pages 274-274",PG080 (PG marker 247),215,02_sources/gautier/letter_packets/G118_gautier.txt,gautier_collated_complete,gautier_collated_clause_checked_complete,A,high,Extended Gautier clause audit: Standardized Vardarion spelling.; Restored `harmostes` and corrected `under-voices` to encouraging acclamations.
G119,119,Constantine Doukas,Meursius LXIV,До същия,"Gautier II, letter 119; local PDF text pages 275-275",PG081 (PG marker 248),216,02_sources/gautier/letter_packets/G119_gautier.txt,gautier_collated_complete,gautier_collated_clause_checked_complete,A,high,Extended Gautier clause audit: Tightened the Theotokos title in line with Gautier's Greek.
G120,120,"John Pantechnes, magistros",Meursius LXV,До господин агистъра Йоан Пантехни,"Gautier II, letter 120; local PDF text pages 276-278",PG082 (PG marker 249),217,02_sources/gautier/letter_packets/G120_gautier.txt,gautier_packet_available_pending_full_clause_audit,baseline_first_pass_gautier_packeted_pending_full_clause_audit,C,high,
G121,121,the bishop of Kitros,Meursius LXVI,To the bishop of Kitros,"Gautier II, letter 121; local PDF text pages 279-279",PG083 (PG marker 250),218,02_sources/gautier/letter_packets/G121_gautier.txt,gautier_collated_complete,gautier_collated_short_letter_checked,A,high,Short bereavement letter to the bishop of Kitros checked against Gautier.
G122,122,the bishop of Deabolis/Debar,Meursius LXVIII,До дебърския епископ,"Gautier II, letter 122; local PDF text pages 280-281",PG085 (PG marker 251),219,02_sources/gautier/letter_packets/G122_gautier.txt,gautier_collated_complete,gautier_collated_short_letter_checked,A,high,See corrected/confirmed as Debre; short bereavement letter checked against Gautier.
G123,123,"Constantine, sebastos and doux of Beroia, son of the sebastokrator",Meursius LXIX,"До господин Севаста и верийски дука Константин, син на севастократора","Gautier II, letter 123; local PDF text pages 282-282",PG086 (PG marker 251),219,02_sources/gautier/letter_packets/G123_gautier.txt,gautier_collated_complete,gautier_collated_clause_checked_complete,A,high,Terminology normalized in v2: sebastos and doux of Beroia.
G124,124,"Nikephoros, former chartophylax",Meursius LXIX/fragmentary sequence,До бившия хартофилакс господин Никифор,"Gautier II, letter 124; local PDF text pages 283-283",PG087 (PG marker 252),220,02_sources/gautier/letter_packets/G124_gautier.txt,gautier_collated_complete,gautier_collated_short_letter_checked,A,high,Very short note to former chartophylax Nikephoros checked against Gautier.
G125,125,unknown; anepigraphic,"Mercati, p. 436; not in the PG packet used by the first pass","""I am calling a horse into a plain""","Gautier II, letter 125; local PDF text pages 284-284",local PG084 contained only a corrupt heading/no continuous Greek body,220,02_sources/gautier/letter_packets/G125_gautier.txt,gautier_collated_complete_short_text,gautier_collated_recovered_short_letter,A,high,Recovered complete short anepigraphic letter from Gautier after local PG084 failed.
G126,126,Palaiologos,Meursius LXX,До Палеолог,"Gautier II, letter 126; local PDF text pages 285-285",PG088 (PG marker 252),220,02_sources/gautier/letter_packets/G126_gautier.txt,gautier_collated_complete,gautier_collated_short_letter_checked,A,high,Short letter to Palaiologos checked against Gautier; praktor terminology standardized.
G127,127,"Gregory Kamateros, protasekretis",Meursius LXXI,До протоасикрита господин Григорий Каматир,"Gautier II, letter 127; local PDF text pages 286-290",PG088 (PG marker 252),221,02_sources/gautier/letter_packets/G127_gautier.txt,gautier_packet_available_boundary_sensitive_pending_full_clause_audit,baseline_first_pass_gautier_packeted_pending_full_clause_audit,C,high,
G128,128,"Pantechnes, proedros",Meursius LXXII,До проедъра Пантехни,"Gautier II, letter 128; local PDF text pages 291-291",PG089 (PG marker 256),226,02_sources/gautier/letter_packets/G128_gautier.txt,gautier_collated_complete,gautier_collated_daylight_correction,A,high,Corrected 'by lamplight' to 'in daylight'.
G129,129,"Michael Pantechnes, imperial physician",Meursius LXXIII,До царския лекар господин Михаил Пантехни,"Gautier II, letter 129; local PDF text pages 292-292",PG090 (PG marker 257),226,02_sources/gautier/letter_packets/G129_gautier.txt,gautier_collated_complete,gautier_collated_clause_checked_complete,A,high,"Extended Gautier clause audit: Corrected the beggar joke: he asks for crusts, not swords or cauldrons."
G130,130,Michael Pantechnes,Meursius LXXIV,До същия,"Gautier II, letter 130; local PDF text pages 293-293",PG091 (PG marker 257),226,02_sources/gautier/letter_packets/G130_gautier.txt,gautier_collated_complete,gautier_collated_short_letter_checked,A,high,Short note to Michael Pantechnes checked against Gautier.
G131,131,Michael Pantechnes,Meursius LXXV,До същия,"Gautier II, letter 131; local PDF text pages 294-294",PG092 (PG marker 257),227,02_sources/gautier/letter_packets/G131_gautier.txt,gautier_collated_complete,gautier_collated_short_letter_corrected,A,high,Final request corrected: asks what condition the addressee is in.
G132,132,the brother of the deceased Psellos,[not recorded],До брата на покойния Псел от архиепископа на България,"Gautier II, letter 132; local PDF text pages 295-295","GIBI 9.2, p. 227, Greek with facing Bulgarian translation",227,02_sources/gautier/letter_packets/G132_gautier.txt,gautier_collated_complete_prosopography_uncertain,gautier_collated_short_consolation_checked,B,high,Short consolation for Psellos' brother checked; prosopography remains uncertain.
G133,133,"an unnamed beloved brother, possibly Demetrios",[not recorded],"Утешително [писмо, написано] от архиепископа на България за различни мъки и болести","Gautier II, letter 133; local PDF text pages 296-296","GIBI 9.2, pp. 227-228, Greek with facing Bulgarian translation",227,02_sources/gautier/letter_packets/G133_gautier.txt,gautier_collated_complete_prosopography_uncertain,gautier_collated_short_consolation_corrected,B,high,Restored omitted 'I am wounded in soul'; addressee remains probably but not certainly Demetrios.
G134,134,his brother Demetrios,printed in Gautier I; cross-referenced as Gautier 134 in Gautier II,"To his brother Demetrios, on why in Lent the priest is kissed on the shoulder and why the aer covers the bread during the elevation","Gautier I, pp. 334-343; cross-referenced in Gautier II, p. 592",not recovered in the local PG126 packet sequence; earlier local G134 was actually G135,,02_sources/gautier/letter_packets/G134_gautier.txt,gautier_collated_complete,gautier_collated_genuine_g134_recovered,A,high,"Genuine G134 recovered from Gautier I: Demetrios/liturgy letter, not Tivanios."
G135,135,Tivanios/Tigranes the Armenian,Finetti XX; previously misfiled locally as G134,Christological fragment to Tivanios/Tigranes the Armenian,"Gautier II, letter 135; local PDF text pages 298-299",PG022 (PG marker 184),228,02_sources/gautier/letter_packets/G135_gautier.txt,gautier_collated_complete_surviving_excerpt,gautier_collated_christological_fragment_reassigned,B,high,Tivanios/Tigranes Armenian Christological excerpt reassigned here from first-pass G134 and collated against Gautier.
