date,gautier_id,category,summary,evidence,source_urls
2026-08-18,ALL,workflow,Created revised_second_pass layer preserving first-pass 04_letters files.,Local project architecture; user preservation requirement.,
2026-08-18,G134/G135,indexing_correction,Corrected local G134/G135 assignment: Tivanios/Tigranes Armenian fragment belongs to G135; genuine G134 is Demetrios/liturgy and is missing locally.,Pinakes lists distinct Ep. 134 and Ep. 135 witnesses; Mullett identifies G135 as the Tibanios/Tigranes fragment and G134 as Demetrios/liturgy.,https://pinakes.irht.cnrs.fr/notices/bibliographie/3BQNCNMD/; https://dokumen.pub/theophylact-of-ochrid-reading-the-letters-of-a-byzantine-archbishop-9780860785491-9781138260528.html
2026-08-18,G001-G003,source_gap,"Confirmed local PG001-PG003 packets are old-edition duplicate packets for later Gautier letters, not recovered Gautier G001-G003.",PG001 matches G008; PG002 matches G044; PG003 matches G045 by heading and opening text.,
2026-08-18,G063,source_gap,Preserved G063 as incomplete; local GIBI row is '?' and no secure Greek body is present.,Local GIBI index p. 152 and first-pass source note.,
2026-08-18,G125,source_gap,Preserved G125 as incomplete; local PG084 packet contains only a corrupt heading/no continuous Greek body.,Local PG084 extraction length is too small to support a translation.,
2026-08-18,G004,lexical_correction,Revised meteorological phrase from 'that bright wind' to 'that squall'.,"PG093 context concerns violent wind/storm vocabulary, not brightness.",
2026-08-18,G018/G104/G105/G123,technical_terminology,Standardized Byzantine administrative title as doux rather than modern 'duke'.,Project authority-list policy for doux; local headings and contexts use Byzantine office terminology.,
2026-08-18,G135,translation_correction,Revised two Christological-fragment phrases: iron analogy now 'elongated and blade-like'; confused-union phrase now 'not one rather than the other'.,PG004 wording and comparison against the local first-pass translation.,
2026-08-18,G006/G012/G014/G045/G052/G058/G082/G096/G103/G107/G121/G122/G126/G135,targeted_audit,"Completed a 15-letter targeted second-pass sample across early, middle, late, short, long, administrative, damaged, and theological material.",Per-letter audit.md files and sample_audit.md.,
